Time, Distance in Meters, HearRate, Velocity, Cadence, StrideLength 2019-07-23T05:03:11.000Z,0.0,73,0,0,0,NaN
2019-07-23T05:03:12.000Z,0.800000011920929,73,0,0,0,NaN
2019-07-23T05:03:18.000Z,8.399999618530273,76,2.987999939918518,0.8299999833106995,85,0.2929411705802469
2019-07-23T05:03:19.000Z,10.119999885559082,81,2.123999905586243,0.5899999737739563,85,0.20823528486139634
2019-07-23T05:03:20.000Z,13.109999656677246,85,2.123999905586243,0.5899999737739563,85,0.20823528486139634
2019-07-23T05:03:21.000Z,16.420000076293945,89,3.697199821472168,1.0269999504089355,85,0.3624705707325655
2019-07-23T05:03:22.000Z,20.1200008392334,92,5.911199855804443,1.6419999599456787,86,0.5727906837019809
2019-07-23T05:03:23.000Z,23.219999313354492,95,9.673200130462646,2.687000036239624,86,0.9373255940370782
2019-07-23T05:03:24.000Z,26.809999465942383,99,10.781999588012695,2.994999885559082,86,1.0447674019392146
2019-07-23T05:03:26.000Z,35.779998779296875,103,11.556000137329102,3.2100000381469727,85,1.1329411899342257
2019-07-23T05:03:27.000Z,41.060001373291016,106,11.556000137329102,3.2100000381469727,85,1.1329411899342257
2019-07-23T05:03:28.000Z,44.43000030517578,106,12.225599670410157,3.3959999084472656,85,1.198588202981388
2019-07-23T05:03:30.000Z,50.459999084472656,109,12.495599842071533,3.4709999561309814,85,1.2250588080462288
2019-07-23T05:03:31.000Z,52.5099983215332,112,11.757600116729737,3.2660000324249268,84,1.1664285830089025
2019-07-23T05:03:35.000Z,59.689998626708984,113,10.951200199127197,3.0420000553131104,83,1.099518092281847
2019-07-23T05:03:39.000Z,71.0999984741211,116,10.648799800872803,2.9579999446868896,83,1.0691566065133336
2019-07-23T05:03:42.000Z,80.36000061035156,117,10.818000411987304,3.005000114440918,84,1.073214326586042
2019-07-23T05:03:44.000Z,87.7699966430664,114,10.882800006866455,3.0230000019073486,85,1.06694117714377
2019-07-23T05:03:48.000Z,99.19000244140625,113,11.221200370788575,3.117000102996826,83,1.126626543251865
2019-07-23T05:03:52.000Z,110.73999786376953,113,11.152800178527832,3.0980000495910645,84,1.106428589139666
2019-07-23T05:03:54.000Z,120.95999908447266,115,11.116800212860108,3.0880000591278076,87,1.0648276065957958
2019-07-23T05:03:56.000Z,130.8699951171875,116,11.253599739074707,3.125999927520752,86,1.090465090995611
2019-07-23T05:03:59.000Z,143.11000061035156,120,11.354400157928467,3.1540000438690186,84,1.126428587096078
2019-07-23T05:04:02.000Z,158.10000610351562,122,11.318400192260743,3.1440000534057617,84,1.1228571619306291
2019-07-23T05:04:07.000Z,182.8699951171875,124,11.185200405120849,3.1070001125335693,83,1.1230120888675552
2019-07-23T05:04:08.000Z,190.36000061035156,124,11.116800212860108,3.0880000591278076,84,1.102857163974217
2019-07-23T05:04:15.000Z,206.25999450683594,126,10.915200233459473,3.0320000648498535,84,1.0828571660178048
2019-07-23T05:04:21.000Z,226.10000610351562,127,11.051999759674072,3.069999933242798,84,1.0964285475867135
2019-07-23T05:04:26.000Z,236.14999389648438,129,10.915200233459473,3.0320000648498535,84,1.0828571660178048
2019-07-23T05:04:32.000Z,240.2899932861328,131,9.370799732208251,2.6029999256134033,0,+Inf
2019-07-23T05:04:34.000Z,240.41000366210938,131,6.451200199127197,1.7920000553131104,0,+Inf
2019-07-23T05:04:36.000Z,241.0399932861328,132,5.979600048065185,1.6610000133514404,0,+Inf
2019-07-23T05:04:38.000Z,242.08999633789062,132,5.003999948501587,1.3899999856948853,0,+Inf
2019-07-23T05:04:46.000Z,244.36000061035156,129,0,0,0,NaN
2019-07-23T05:04:47.000Z,244.83999633789062,129,0,0,0,NaN
2019-07-23T05:04:50.000Z,248.63999938964844,125,0,0,0,NaN
2019-07-23T05:04:53.000Z,251.2100067138672,121,0,0,0,NaN
2019-07-23T05:04:56.000Z,251.86000061035156,118,0,0,0,NaN
2019-07-23T05:04:57.000Z,251.86000061035156,117,0,0,0,NaN
2019-07-23T05:05:04.000Z,254.13999938964844,114,0,0,0,NaN
2019-07-23T05:05:05.000Z,254.14999389648438,114,0,0,0,NaN
2019-07-23T05:05:07.000Z,254.16000366210938,109,0,0,0,NaN
2019-07-23T05:05:08.000Z,254.25999450683594,105,0,0,0,NaN
2019-07-23T05:05:10.000Z,254.52999877929688,102,0,0,0,NaN
2019-07-23T05:05:12.000Z,254.8699951171875,97,0,0,0,NaN
2019-07-23T05:05:15.000Z,257.29998779296875,95,0,0,0,NaN
2019-07-23T05:05:20.000Z,274.04998779296875,94,0,0,85,0
2019-07-23T05:05:21.000Z,277.2200012207031,98,0,0,86,0
2019-07-23T05:05:23.000Z,282.489990234375,101,0.8748000025749206,0.24300000071525574,86,0.08476744210997293
2019-07-23T05:05:26.000Z,291.95001220703125,103,1.645199954509735,0.4569999873638153,86,0.15941860024319138
2019-07-23T05:05:29.000Z,301.6600036621094,107,1.882800006866455,0.5230000019073486,87,0.18034482824391332
2019-07-23T05:05:32.000Z,314.05999755859375,104,2.620799946784973,0.7279999852180481,83,0.26313252477760773
2019-07-23T05:05:33.000Z,319.3500061035156,104,3.661199855804443,1.0169999599456787,83,0.3675903469683176
2019-07-23T05:05:35.000Z,328.760009765625,101,5.374800109863282,1.4930000305175781,84,0.5332142966134208
2019-07-23T05:05:38.000Z,341.54998779296875,103,6.987599945068359,1.940999984741211,84,0.6932142802647182
2019-07-23T05:05:41.000Z,352.32000732421875,108,8.02800006866455,2.2300000190734863,83,0.8060241032795734
2019-07-23T05:05:43.000Z,362.32000732421875,115,8.499600219726563,2.3610000610351562,84,0.8432143075125558
2019-07-23T05:05:44.000Z,368.70001220703125,118,8.665200233459473,2.4070000648498535,84,0.8596428803035191
2019-07-23T05:05:45.000Z,374.95001220703125,120,8.866800212860108,2.4630000591278076,85,0.8692941385156968
2019-07-23T05:05:49.000Z,394.1600036621094,123,9.439199924468994,2.621999979019165,85,0.9254117573008818
2019-07-23T05:05:53.000Z,416.2799987792969,125,9.673200130462646,2.687000036239624,85,0.9483529539669261
2019-07-23T05:05:59.000Z,436.5299987792969,127,9.70920009613037,2.697000026702881,84,0.9632142952510289
2019-07-23T05:06:05.000Z,455.95001220703125,129,9.64079990386963,2.677999973297119,84,0.9564285618918282
2019-07-23T05:06:09.000Z,460.8599853515625,130,9.842399883270264,2.7339999675750732,83,0.9881927593644843
2019-07-23T05:06:16.000Z,461.32000732421875,131,7.693200302124024,2.13700008392334,49,1.308367398320412
2019-07-23T05:06:21.000Z,462.7300109863281,128,2.822399926185608,0.7839999794960022,0,+Inf
2019-07-23T05:06:23.000Z,463.5299987792969,128,0,0,0,NaN
2019-07-23T05:06:25.000Z,464.1199951171875,127,0,0,0,NaN
2019-07-23T05:06:27.000Z,464.739990234375,124,0,0,0,NaN
2019-07-23T05:06:29.000Z,465.3299865722656,121,0,0,0,NaN
2019-07-23T05:06:32.000Z,466.7200012207031,119,0,0,0,NaN
2019-07-23T05:06:37.000Z,469.989990234375,117,0,0,0,NaN
2019-07-23T05:06:40.000Z,470.1499938964844,114,0,0,0,NaN
2019-07-23T05:06:41.000Z,470.67999267578125,110,0,0,0,NaN
2019-07-23T05:06:44.000Z,471.2200012207031,107,0,0,0,NaN
2019-07-23T05:06:46.000Z,471.54998779296875,106,0,0,0,NaN
2019-07-23T05:06:49.000Z,475.2900085449219,103,0,0,0,NaN
2019-07-23T05:06:54.000Z,481.5199890136719,105,0,0,0,NaN
2019-07-23T05:06:57.000Z,484.6600036621094,101,0,0,0,NaN
2019-07-23T05:07:00.000Z,487.489990234375,97,0,0,0,NaN
2019-07-23T05:07:01.000Z,487.8800048828125,91,0,0,0,NaN
2019-07-23T05:07:02.000Z,491.5,86,0,0,0,NaN
2019-07-23T05:07:03.000Z,493.2300109863281,83,0,0,0,NaN
2019-07-23T05:07:04.000Z,493.2300109863281,83,0,0,0,NaN
2019-07-23T05:07:05.000Z,494.07000732421875,80,0,0,0,NaN
2019-07-23T05:07:07.000Z,496.54998779296875,80,0,0,0,NaN
2019-07-23T05:07:08.000Z,496.94000244140625,79,0,0,0,NaN
2019-07-23T05:07:12.000Z,502.2900085449219,77,0,0,0,NaN
2019-07-23T05:07:13.000Z,504.2900085449219,82,0,0,85,0
2019-07-23T05:07:15.000Z,508.6099853515625,86,0.8135999858379364,0.22599999606609344,85,0.07976470449391533
2019-07-23T05:07:17.000Z,514.2100219726562,89,1.3140000343322753,0.36500000953674316,85,0.12882353277767405
2019-07-23T05:07:18.000Z,516.780029296875,92,1.648800015449524,0.4580000042915344,85,0.16164706033818863
2019-07-23T05:07:20.000Z,525.1500244140625,95,9.773999691009521,2.7149999141693115,84,0.9696428264890399
2019-07-23T05:07:22.000Z,534.5,97,10.951200199127197,3.0420000553131104,83,1.099518092281847
2019-07-23T05:07:25.000Z,549.0900268554688,100,10.875599670410157,3.0209999084472656,84,1.0789285387311662
2019-07-23T05:07:26.000Z,553.8300170898438,103,10.85400037765503,3.015000104904175,85,1.0641176840838265
2019-07-23T05:07:28.000Z,564.1599731445312,106,10.601999759674072,2.944999933242798,85,1.039411741144517
2019-07-23T05:07:29.000Z,568.9099731445312,106,10.781999588012695,2.994999885559082,85,1.0570587831384994
2019-07-23T05:07:33.000Z,602.1599731445312,106,11.556000137329102,3.2100000381469727,84,1.1464285850524902
2019-07-23T05:07:35.000Z,620.3699951171875,111,11.58840036392212,3.2190001010894775,84,1.149642893246242
2019-07-23T05:07:36.000Z,625.8599853515625,114,11.58840036392212,3.2190001010894775,85,1.1361176827374626
2019-07-23T05:07:37.000Z,632.469970703125,117,11.620799732208251,3.2279999256134033,85,1.139294091392966
2019-07-23T05:07:39.000Z,641.9299926757812,120,11.89079990386963,3.302999973297119,85,1.1657646964578068
2019-07-23T05:07:41.000Z,653.0700073242188,123,13.132800006866455,3.6480000019073486,85,1.2875294124378878
2019-07-23T05:07:44.000Z,665.1199951171875,126,12.326400089263917,3.4240000247955322,85,1.2084705969866585
2019-07-23T05:07:47.000Z,677.97998046875,128,12.293999862670898,3.4149999618530273,85,1.2052941041834213
2019-07-23T05:07:53.000Z,700.9500122070312,130,12.898799800872803,3.5829999446868896,84,1.279642837388175
2019-07-23T05:07:59.000Z,722.4500122070312,130,13.26960039138794,3.686000108718872,85,1.3009412148419548
2019-07-23T05:08:00.000Z,725.239990234375,131,13.301999759674072,3.694999933242798,85,1.304117623497458
2019-07-23T05:08:06.000Z,745.5900268554688,132,13.604400157928467,3.7790000438690186,86,1.3182558292566344
2019-07-23T05:08:08.000Z,752.1199951171875,132,13.636800384521484,3.7880001068115234,85,1.3369412141687729
2019-07-23T05:08:13.000Z,767.3400268554688,135,13.67280035018921,3.7980000972747803,83,1.3727711194969086
2019-07-23T05:08:16.000Z,775.4600219726562,136,13.57199993133545,3.7699999809265137,83,1.3626505955156074
2019-07-23T05:08:21.000Z,789.3499755859375,139,13.435200405120849,3.7320001125335693,83,1.3489157033253865
2019-07-23T05:08:24.000Z,797.1300048828125,140,13.33439998626709,3.7039999961853027,83,1.3387951793440853
2019-07-23T05:08:31.000Z,817.8800048828125,142,13.16879997253418,3.6579999923706055,84,1.3064285687037878
2019-07-23T05:08:36.000Z,832.8800048828125,143,13.301999759674072,3.694999933242798,85,1.304117623497458
2019-07-23T05:08:41.000Z,849.1900024414062,143,13.16879997253418,3.6579999923706055,86,1.2760465089664903
2019-07-23T05:08:48.000Z,871.3200073242188,141,12.76560001373291,3.5460000038146973,86,1.2369767455167548
2019-07-23T05:08:49.000Z,874.75,141,12.76560001373291,3.5460000038146973,86,1.2369767455167548
2019-07-23T05:08:56.000Z,897.8300170898438,142,12.697199821472168,3.5269999504089355,85,1.244823511909036
2019-07-23T05:09:03.000Z,920.9500122070312,143,12.52800006866455,3.4800000190734863,84,1.2428571496691023
2019-07-23T05:09:05.000Z,927.4299926757812,143,12.495599842071533,3.4709999561309814,83,1.2545782973967403
2019-07-23T05:09:12.000Z,950.3099975585938,144,12.326400089263917,3.4240000247955322,84,1.22285715171269
2019-07-23T05:09:13.000Z,953.6099853515625,144,12.293999862670898,3.4149999618530273,84,1.2196428435189384
2019-07-23T05:09:20.000Z,976.72998046875,146,12.293999862670898,3.4149999618530273,86,1.1912790564603584
2019-07-23T05:09:21.000Z,979.8400268554688,146,12.26159963607788,3.4059998989105225,85,1.2021176113801844
2019-07-23T05:09:28.000Z,1002.469970703125,145,12.124800109863282,3.368000030517578,84,1.202857153756278
2019-07-23T05:09:29.000Z,1005.6400146484375,145,12.124800109863282,3.368000030517578,85,1.188705893123851

2019-07-23T05:09:29.000Z,1005.6400146484375,145,12.124800109863282,3.368000030517578,85,1.188705893123851
2019-07-23T05:09:35.000Z,1026.260009765625,146,12.124800109863282,3.368000030517578,83,1.2173494086208114
2019-07-23T05:09:42.000Z,1049.219970703125,147,12.124800109863282,3.368000030517578,83,1.2173494086208114
2019-07-23T05:09:43.000Z,1052.449951171875,147,12.092399883270264,3.3589999675750732,83,1.2140963738223156
2019-07-23T05:09:49.000Z,1072.5999755859375,147,12.059999656677245,3.3499999046325684,84,1.1964285373687744
2019-07-23T05:09:51.000Z,1079.3599853515625,147,12.059999656677245,3.3499999046325684,84,1.1964285373687744
2019-07-23T05:09:58.000Z,1102.02001953125,146,12.023999691009521,3.3399999141693115,84,1.1928571122033256
2019-07-23T05:10:00.000Z,1108.449951171875,146,12.023999691009521,3.3399999141693115,84,1.1928571122033256
2019-07-23T05:10:07.000Z,1130.739990234375,147,11.95920009613037,3.322000026702881,84,1.1864285809653146
2019-07-23T05:10:08.000Z,1133.8199462890625,147,11.95920009613037,3.322000026702881,84,1.1864285809653146
2019-07-23T05:10:12.000Z,1146.3499755859375,147,11.89079990386963,3.302999973297119,82,1.2084146243769949
2019-07-23T05:10:16.000Z,1159.5799560546875,148,11.858399677276612,3.2939999103546143,83,1.1906023772366077
2019-07-23T05:10:22.000Z,1179.6800537109375,147,11.858399677276612,3.2939999103546143,84,1.1764285394123621
2019-07-23T05:10:24.000Z,1186.22998046875,147,11.858399677276612,3.2939999103546143,83,1.1906023772366077
2019-07-23T05:10:31.000Z,1209.0799560546875,147,11.858399677276612,3.2939999103546143,83,1.1906023772366077
2019-07-23T05:10:32.000Z,1212.199951171875,147,11.858399677276612,3.2939999103546143,83,1.1906023772366077
2019-07-23T05:10:39.000Z,1234.719970703125,147,11.790000343322754,3.2750000953674316,83,1.183734974229192
2019-07-23T05:10:43.000Z,1247.5899658203125,147,11.757600116729737,3.2660000324249268,83,1.1804819394306965
2019-07-23T05:10:50.000Z,1269.3800048828125,148,11.656799697875977,3.23799991607666,84,1.15642854145595
2019-07-23T05:10:52.000Z,1275.7099609375,148,11.620799732208251,3.2279999256134033,83,1.1667469610650856
2019-07-23T05:10:57.000Z,1291.449951171875,148,11.58840036392212,3.2190001010894775,84,1.149642893246242
2019-07-23T05:11:01.000Z,1304.81005859375,149,11.556000137329102,3.2100000381469727,84,1.1464285850524902
2019-07-23T05:11:08.000Z,1328.0799560546875,149,11.58840036392212,3.2190001010894775,85,1.1361176827374626
2019-07-23T05:11:10.000Z,1334.8199462890625,149,11.58840036392212,3.2190001010894775,85,1.1361176827374626
2019-07-23T05:11:16.000Z,1355.1700439453125,149,11.656799697875977,3.23799991607666,83,1.1703614154493953
2019-07-23T05:11:19.000Z,1365.260009765625,149,11.656799697875977,3.23799991607666,85,1.1428234997917623
2019-07-23T05:11:22.000Z,1375.050048828125,150,11.689199924468994,3.246999979019165,85,1.1459999925949995
2019-07-23T05:11:28.000Z,1394.4599609375,150,11.689199924468994,3.246999979019165,83,1.173614450247891
2019-07-23T05:11:35.000Z,1416.2900390625,151,11.656799697875977,3.23799991607666,82,1.1846341156378024
2019-07-23T05:11:36.000Z,1419.3599853515625,151,11.620799732208251,3.2279999256134033,82,1.180975582541489
2019-07-23T05:11:43.000Z,1441.280029296875,150,11.487599945068359,3.190999984741211,83,1.1533734884606786
2019-07-23T05:11:44.000Z,1444.5400390625,150,11.487599945068359,3.190999984741211,84,1.1396428516932897
2019-07-23T05:11:47.000Z,1453.6700439453125,151,11.455199718475342,3.181999921798706,83,1.150120453662183
2019-07-23T05:11:52.000Z,1469.3199462890625,152,11.386800384521484,3.1630001068115234,83,1.1432530506547676
2019-07-23T05:11:59.000Z,1492.0,152,11.386800384521484,3.1630001068115234,83,1.1432530506547676
2019-07-23T05:12:03.000Z,1504.8299560546875,151,11.386800384521484,3.1630001068115234,83,1.1432530506547676
2019-07-23T05:12:07.000Z,1517.489990234375,151,11.386800384521484,3.1630001068115234,85,1.1163529788746553
2019-07-23T05:12:14.000Z,1539.1800537109375,151,11.354400157928467,3.1540000438690186,83,1.1400000158562718
2019-07-23T05:12:21.000Z,1561.02001953125,151,11.285999965667724,3.134999990463257,83,1.1331325266734664
2019-07-23T05:12:22.000Z,1564.0899658203125,151,11.285999965667724,3.134999990463257,83,1.1331325266734664
2019-07-23T05:12:29.000Z,1585.93994140625,151,11.253599739074707,3.125999927520752,85,1.1032940920661478
2019-07-23T05:12:30.000Z,1589.1500244140625,151,11.253599739074707,3.125999927520752,84,1.1164285455431258
2019-07-23T05:12:37.000Z,1611.4599609375,151,11.253599739074707,3.125999927520752,85,1.1032940920661478
2019-07-23T05:12:40.000Z,1621.3299560546875,150,11.285999965667724,3.134999990463257,84,1.1196428537368774
2019-07-23T05:12:47.000Z,1643.489990234375,151,11.285999965667724,3.134999990463257,84,1.1196428537368774
2019-07-23T05:12:51.000Z,1655.5699462890625,151,11.285999965667724,3.134999990463257,85,1.1064705848693848
2019-07-23T05:12:58.000Z,1677.8499755859375,151,11.217599773406983,3.115999937057495,86,1.0869767222293587
2019-07-23T05:12:59.000Z,1681.2099609375,151,11.217599773406983,3.115999937057495,85,1.0997646836673511
2019-07-23T05:13:06.000Z,1704.6099853515625,151,11.217599773406983,3.115999937057495,84,1.112857120377677
2019-07-23T05:13:07.000Z,1707.780029296875,151,11.217599773406983,3.115999937057495,84,1.112857120377677
2019-07-23T05:13:13.000Z,1727.8599853515625,152,11.253599739074707,3.125999927520752,84,1.1164285455431258
2019-07-23T05:13:19.000Z,1746.6700439453125,152,11.285999965667724,3.134999990463257,84,1.1196428537368774
2019-07-23T05:13:26.000Z,1767.6600341796875,153,11.217599773406983,3.115999937057495,83,1.1262650374906609
2019-07-23T05:13:27.000Z,1770.81005859375,153,11.217599773406983,3.115999937057495,83,1.1262650374906609
2019-07-23T05:13:34.000Z,1793.9200439453125,153,11.185200405120849,3.1070001125335693,85,1.096588275011848
2019-07-23T05:13:41.000Z,1816.47998046875,153,11.253599739074707,3.125999927520752,85,1.1032940920661478
2019-07-23T05:13:48.000Z,1837.780029296875,153,11.221200370788575,3.117000102996826,85,1.1001176834106445
2019-07-23T05:13:54.000Z,1858.8299560546875,153,11.221200370788575,3.117000102996826,84,1.1132143224988664
2019-07-23T05:13:55.000Z,1861.719970703125,153,11.221200370788575,3.117000102996826,84,1.1132143224988664
2019-07-23T05:14:02.000Z,1884.1099853515625,154,11.253599739074707,3.125999927520752,84,1.1164285455431258
2019-07-23T05:14:03.000Z,1887.3499755859375,154,11.253599739074707,3.125999927520752,84,1.1164285455431258
2019-07-23T05:14:10.000Z,1909.9100341796875,154,11.253599739074707,3.125999927520752,85,1.1032940920661478
2019-07-23T05:14:16.000Z,1928.010009765625,155,11.185200405120849,3.1070001125335693,85,1.096588275011848
2019-07-23T05:14:22.000Z,1948.18994140625,155,11.221200370788575,3.117000102996826,86,1.0873256173244743
2019-07-23T05:14:28.000Z,1968.3900146484375,154,11.253599739074707,3.125999927520752,85,1.1032940920661478
2019-07-23T05:14:30.000Z,1974.489990234375,154,11.285999965667724,3.134999990463257,84,1.1196428537368774
2019-07-23T05:14:36.000Z,1996.530029296875,154,11.285999965667724,3.134999990463257,85,1.1064705848693848
2019-07-23T05:14:37.000Z,2000.97998046875,154,11.285999965667724,3.134999990463257,84,1.1196428537368774
2019-07-23T05:14:38.000Z,2004.9599609375,155,11.318400192260743,3.1440000534057617,84,1.1228571619306291

2019-07-23T05:14:38.000Z,2004.9599609375,155,11.318400192260743,3.1440000534057617,84,1.1228571619306291
2019-07-23T05:14:42.000Z,2015.5400390625,154,11.419199752807618,3.171999931335449,84,1.132857118334089
2019-07-23T05:14:46.000Z,2028.2900390625,154,10.648799800872803,2.9579999446868896,82,1.0821951017147158
2019-07-23T05:14:52.000Z,2049.18994140625,155,11.89079990386963,3.302999973297119,85,1.1657646964578068
2019-07-23T05:14:53.000Z,2052.75,155,12.059999656677245,3.3499999046325684,85,1.182352907517377
2019-07-23T05:14:59.000Z,2073.239990234375,155,12.124800109863282,3.368000030517578,84,1.202857153756278
2019-07-23T05:15:01.000Z,2080.2099609375,155,12.124800109863282,3.368000030517578,85,1.188705893123851
2019-07-23T05:15:07.000Z,2101.570068359375,156,12.326400089263917,3.4240000247955322,84,1.22285715171269
2019-07-23T05:15:09.000Z,2108.68994140625,156,12.36240005493164,3.434000015258789,84,1.2264285768781389
2019-07-23T05:15:15.000Z,2131.530029296875,156,12.427199649810792,3.4519999027252197,86,1.204186012578565
2019-07-23T05:15:21.000Z,2151.989990234375,156,12.66479959487915,3.5179998874664307,86,1.2272092630696851
2019-07-23T05:15:28.000Z,2175.050048828125,156,12.52800006866455,3.4800000190734863,84,1.2428571496691023
2019-07-23T05:15:29.000Z,2178.340087890625,156,12.52800006866455,3.4800000190734863,85,1.2282353008494657
2019-07-23T05:15:36.000Z,2200.89990234375,156,12.427199649810792,3.4519999027252197,85,1.2183529068441952
2019-07-23T05:15:41.000Z,2218.47998046875,156,12.394800281524658,3.443000078201294,86,1.201046538907428
2019-07-23T05:15:47.000Z,2238.530029296875,156,12.427199649810792,3.4519999027252197,85,1.2183529068441952
2019-07-23T05:15:48.000Z,2241.8701171875,156,12.427199649810792,3.4519999027252197,84,1.23285710811615
2019-07-23T05:15:54.000Z,2262.909912109375,157,12.293999862670898,3.4149999618530273,84,1.2196428435189384
2019-07-23T05:15:56.000Z,2269.699951171875,158,12.326400089263917,3.4240000247955322,85,1.2084705969866585
2019-07-23T05:16:01.000Z,2287.169921875,157,12.326400089263917,3.4240000247955322,84,1.22285715171269
2019-07-23T05:16:05.000Z,2301.3701171875,157,12.394800281524658,3.443000078201294,86,1.201046538907428
2019-07-23T05:16:11.000Z,2321.989990234375,157,12.495599842071533,3.4709999561309814,84,1.2396428414753504
2019-07-23T05:16:12.000Z,2325.429931640625,157,12.495599842071533,3.4709999561309814,84,1.2396428414753504
2019-07-23T05:16:18.000Z,2346.550048828125,156,12.398400020599365,3.444000005722046,84,1.2300000020435877
2019-07-23T05:16:19.000Z,2350.070068359375,156,12.430800247192384,3.453000068664551,84,1.2332143102373396
2019-07-23T05:16:25.000Z,2371.47998046875,156,12.531599807739259,3.4809999465942383,84,1.2432142666407995
2019-07-23T05:16:31.000Z,2391.909912109375,156,12.564000034332276,3.490000009536743,84,1.2464285748345512
2019-07-23T05:16:32.000Z,2395.070068359375,156,12.564000034332276,3.490000009536743,84,1.2464285748345512
2019-07-23T05:16:37.000Z,2412.719970703125,157,12.564000034332276,3.490000009536743,84,1.2464285748345512
2019-07-23T05:16:38.000Z,2416.3798828125,157,12.564000034332276,3.490000009536743,84,1.2464285748345512
2019-07-23T05:16:44.000Z,2437.1298828125,157,12.6,3.5,84,1.25
2019-07-23T05:16:45.000Z,2440.2099609375,157,12.6,3.5,84,1.25
2019-07-23T05:16:48.000Z,2449.39990234375,158,12.596400260925293,3.499000072479248,85,1.2349412020514994
2019-07-23T05:16:51.000Z,2459.219970703125,157,12.564000034332276,3.490000009536743,88,1.1897727305238897
2019-07-23T05:16:57.000Z,2479.0,157,12.531599807739259,3.4809999465942383,86,1.2143023069514784
2019-07-23T05:17:03.000Z,2500.010009765625,157,12.495599842071533,3.4709999561309814,84,1.2396428414753504
2019-07-23T05:17:07.000Z,2513.72998046875,157,12.495599842071533,3.4709999561309814,84,1.2396428414753504
2019-07-23T05:17:14.000Z,2536.919921875,157,12.430800247192384,3.453000068664551,83,1.2480723139751388
2019-07-23T05:17:17.000Z,2546.81005859375,157,12.394800281524658,3.443000078201294,84,1.2296428850718908
2019-07-23T05:17:23.000Z,2568.10009765625,157,12.36240005493164,3.434000015258789,83,1.2412048247923333
2019-07-23T05:17:26.000Z,2578.52001953125,157,12.394800281524658,3.443000078201294,84,1.2296428850718908
2019-07-23T05:17:32.000Z,2600.070068359375,158,12.427199649810792,3.4519999027252197,88,1.176818148656325
2019-07-23T05:17:35.000Z,2610.030029296875,157,12.463199615478516,3.4619998931884766,87,1.193793066616716
2019-07-23T05:17:41.000Z,2629.3798828125,157,12.394800281524658,3.443000078201294,86,1.201046538907428
2019-07-23T05:17:47.000Z,2650.280029296875,156,12.427199649810792,3.4519999027252197,84,1.23285710811615
2019-07-23T05:17:50.000Z,2660.89990234375,156,12.427199649810792,3.4519999027252197,82,1.2629267936799584
2019-07-23T05:17:56.000Z,2680.919921875,157,12.427199649810792,3.4519999027252197,84,1.23285710811615
2019-07-23T05:18:00.000Z,2694.800048828125,157,12.394800281524658,3.443000078201294,85,1.215176498188692
2019-07-23T05:18:06.000Z,2715.510009765625,158,12.394800281524658,3.443000078201294,85,1.215176498188692
2019-07-23T05:18:08.000Z,2722.330078125,158,12.427199649810792,3.4519999027252197,85,1.2183529068441952
2019-07-23T05:18:14.000Z,2742.5400390625,157,12.427199649810792,3.4519999027252197,86,1.204186012578565
2019-07-23T05:18:16.000Z,2748.929931640625,157,12.427199649810792,3.4519999027252197,85,1.2183529068441952
2019-07-23T05:18:22.000Z,2769.14990234375,157,12.36240005493164,3.434000015258789,85,1.212000005385455
2019-07-23T05:18:24.000Z,2775.969970703125,157,12.36240005493164,3.434000015258789,86,1.1979069820670194
2019-07-23T05:18:31.000Z,2798.81005859375,157,12.326400089263917,3.4240000247955322,85,1.2084705969866585
2019-07-23T05:18:33.000Z,2805.929931640625,157,12.293999862670898,3.4149999618530273,84,1.2196428435189384
2019-07-23T05:18:39.000Z,2826.3701171875,157,12.293999862670898,3.4149999618530273,85,1.2052941041834213
2019-07-23T05:18:42.000Z,2836.7099609375,157,12.293999862670898,3.4149999618530273,86,1.1912790564603584
2019-07-23T05:18:48.000Z,2856.8701171875,157,12.26159963607788,3.4059998989105225,86,1.1881394996199497
2019-07-23T05:18:52.000Z,2870.580078125,157,12.26159963607788,3.4059998989105225,84,1.2164285353251867
2019-07-23T05:18:59.000Z,2892.97998046875,158,12.26159963607788,3.4059998989105225,84,1.2164285353251867
2019-07-23T05:19:00.000Z,2896.39990234375,158,12.26159963607788,3.4059998989105225,84,1.2164285353251867
2019-07-23T05:19:06.000Z,2917.010009765625,158,12.193200302124023,3.38700008392334,84,1.2096428871154785
2019-07-23T05:19:08.000Z,2924.110107421875,158,12.193200302124023,3.38700008392334,83,1.2242168978036168
2019-07-23T05:19:14.000Z,2944.969970703125,158,12.225599670410157,3.3959999084472656,83,1.2274698464267224
2019-07-23T05:19:16.000Z,2952.179931640625,158,12.225599670410157,3.3959999084472656,84,1.2128571101597376
2019-07-23T05:19:22.000Z,2973.47998046875,158,12.293999862670898,3.4149999618530273,83,1.234337335609528
2019-07-23T05:19:24.000Z,2980.25,158,12.293999862670898,3.4149999618530273,84,1.2196428435189384
2019-07-23T05:19:30.000Z,3000.610107421875,158,12.293999862670898,3.4149999618530273,84,1.2196428435189384

2019-07-23T05:19:32.000Z,3007.14990234375,158,12.326400089263917,3.4240000247955322,84,1.22285715171269
2019-07-23T05:19:38.000Z,3028.300048828125,158,12.326400089263917,3.4240000247955322,85,1.2084705969866585
2019-07-23T05:19:45.000Z,3051.5,158,12.36240005493164,3.434000015258789,84,1.2264285768781389
2019-07-23T05:19:52.000Z,3074.4599609375,158,12.326400089263917,3.4240000247955322,86,1.194418613300767
2019-07-23T05:19:54.000Z,3080.739990234375,157,12.293999862670898,3.4149999618530273,85,1.2052941041834213
2019-07-23T05:19:55.000Z,3084.010009765625,157,12.293999862670898,3.4149999618530273,85,1.2052941041834213
2019-07-23T05:20:02.000Z,3106.610107421875,158,12.193200302124023,3.38700008392334,84,1.2096428871154785
2019-07-23T05:20:08.000Z,3127.669921875,158,12.193200302124023,3.38700008392334,86,1.1815116571825603
2019-07-23T05:20:10.000Z,3134.070068359375,159,12.193200302124023,3.38700008392334,85,1.1954117943258846
2019-07-23T05:20:17.000Z,3155.75,159,12.160800075531006,3.378000020980835,83,1.2209638630051212
2019-07-23T05:20:24.000Z,3176.64990234375,159,12.059999656677245,3.3499999046325684,84,1.1964285373687744
2019-07-23T05:20:30.000Z,3194.72998046875,160,11.89079990386963,3.302999973297119,85,1.1657646964578068
2019-07-23T05:20:37.000Z,3217.449951171875,160,11.790000343322754,3.2750000953674316,87,1.1293103777129074
2019-07-23T05:20:44.000Z,3239.81005859375,159,11.689199924468994,3.246999979019165,86,1.1326744112857552
2019-07-23T05:20:50.000Z,3260.110107421875,158,11.656799697875977,3.23799991607666,84,1.15642854145595
2019-07-23T05:20:56.000Z,3282.43994140625,158,11.689199924468994,3.246999979019165,84,1.1596428496497018
2019-07-23T05:20:57.000Z,3286.0400390625,158,11.689199924468994,3.246999979019165,84,1.1596428496497018
2019-07-23T05:21:03.000Z,3308.830078125,158,11.790000343322754,3.2750000953674316,86,1.142441893732825
2019-07-23T05:21:09.000Z,3329.239990234375,159,11.923200130462646,3.312000036239624,85,1.1689411892610437
2019-07-23T05:21:11.000Z,3335.969970703125,158,11.923200130462646,3.312000036239624,86,1.1553488498510316
2019-07-23T05:21:17.000Z,3356.550048828125,158,11.923200130462646,3.312000036239624,84,1.1828571557998657
2019-07-23T05:21:18.000Z,3359.31005859375,159,11.923200130462646,3.312000036239624,84,1.1828571557998657
2019-07-23T05:21:25.000Z,3379.47998046875,159,11.89079990386963,3.302999973297119,86,1.152209293010623
2019-07-23T05:21:31.000Z,3399.239990234375,160,11.858399677276612,3.2939999103546143,86,1.1490697361702142
2019-07-23T05:21:37.000Z,3421.070068359375,160,11.822399711608886,3.2839999198913574,86,1.1455813674039619
2019-07-23T05:21:40.000Z,3433.0400390625,160,11.89079990386963,3.302999973297119,86,1.152209293010623
2019-07-23T05:21:46.000Z,3454.110107421875,160,11.95920009613037,3.322000026702881,84,1.1864285809653146
2019-07-23T05:21:52.000Z,3472.050048828125,161,11.95920009613037,3.322000026702881,84,1.1864285809653146
2019-07-23T05:21:58.000Z,3489.820068359375,160,11.822399711608886,3.2839999198913574,86,1.1455813674039619
2019-07-23T05:22:04.000Z,3510.3798828125,160,11.790000343322754,3.2750000953674316,86,1.142441893732825
2019-07-23T05:22:05.000Z,3513.7099609375,160,11.790000343322754,3.2750000953674316,86,1.142441893732825
2019-07-23T05:22:12.000Z,3534.97998046875,160,11.822399711608886,3.2839999198913574,85,1.1590587952557732
2019-07-23T05:22:14.000Z,3539.699951171875,160,11.822399711608886,3.2839999198913574,85,1.1590587952557732
2019-07-23T05:22:20.000Z,3559.85009765625,160,11.689199924468994,3.246999979019165,85,1.1459999925949995
2019-07-23T05:22:21.000Z,3563.300048828125,160,11.689199924468994,3.246999979019165,85,1.1459999925949995
2019-07-23T05:22:28.000Z,3584.25,160,11.656799697875977,3.23799991607666,85,1.1428234997917623
2019-07-23T05:22:34.000Z,3605.469970703125,160,11.689199924468994,3.246999979019165,85,1.1459999925949995
2019-07-23T05:22:41.000Z,3628.419921875,160,11.721600151062011,3.25600004196167,85,1.1491764853982365
2019-07-23T05:22:42.000Z,3632.080078125,160,11.721600151062011,3.25600004196167,84,1.1628571578434534
2019-07-23T05:22:49.000Z,3654.989990234375,159,11.757600116729737,3.2660000324249268,85,1.152705893797033
2019-07-23T05:22:55.000Z,3675.169921875,160,11.757600116729737,3.2660000324249268,85,1.152705893797033
2019-07-23T05:22:56.000Z,3678.47998046875,160,11.721600151062011,3.25600004196167,85,1.1491764853982365
2019-07-23T05:23:02.000Z,3698.739990234375,159,11.757600116729737,3.2660000324249268,86,1.1393023368924162
2019-07-23T05:23:09.000Z,3720.919921875,161,11.858399677276612,3.2939999103546143,86,1.1490697361702142
2019-07-23T05:23:15.000Z,3741.0400390625,160,11.858399677276612,3.2939999103546143,85,1.1625882036545698
2019-07-23T05:23:17.000Z,3749.25,160,11.858399677276612,3.2939999103546143,85,1.1625882036545698
2019-07-23T05:23:19.000Z,3756.050048828125,161,11.858399677276612,3.2939999103546143,85,1.1625882036545698
2019-07-23T05:23:26.000Z,3778.85009765625,160,11.95920009613037,3.322000026702881,84,1.1864285809653146
2019-07-23T05:23:27.000Z,3782.0400390625,160,11.95920009613037,3.322000026702881,84,1.1864285809653146
2019-07-23T05:23:34.000Z,3803.31005859375,161,11.89079990386963,3.302999973297119,85,1.1657646964578068
2019-07-23T05:23:39.000Z,3821.419921875,161,11.757600116729737,3.2660000324249268,86,1.1393023368924162
2019-07-23T05:23:45.000Z,3842.949951171875,161,11.858399677276612,3.2939999103546143,86,1.1490697361702142
2019-07-23T05:23:46.000Z,3846.260009765625,161,11.858399677276612,3.2939999103546143,86,1.1490697361702142
2019-07-23T05:23:53.000Z,3869.330078125,161,11.858399677276612,3.2939999103546143,85,1.1625882036545698
2019-07-23T05:23:59.000Z,3890.949951171875,160,11.858399677276612,3.2939999103546143,84,1.1764285394123621
2019-07-23T05:24:00.000Z,3894.260009765625,160,11.89079990386963,3.302999973297119,84,1.179642847606114
2019-07-23T05:24:06.000Z,3914.780029296875,161,11.923200130462646,3.312000036239624,85,1.1689411892610437
2019-07-23T05:24:08.000Z,3921.6298828125,161,11.923200130462646,3.312000036239624,85,1.1689411892610437
2019-07-23T05:24:14.000Z,3943.340087890625,161,11.95920009613037,3.322000026702881,86,1.158837218617284
2019-07-23T05:24:20.000Z,3965.010009765625,161,12.059999656677245,3.3499999046325684,84,1.1964285373687744
2019-07-23T05:24:26.000Z,3984.18994140625,161,12.092399883270264,3.3589999675750732,84,1.199642845562526
2019-07-23T05:24:29.000Z,3994.110107421875,161,12.092399883270264,3.3589999675750732,84,1.199642845562526
2019-07-23T05:24:31.000Z,4001.139892578125,161,12.059999656677245,3.3499999046325684,84,1.1964285373687744

2019-07-23T05:24:37.000Z,4020.81005859375,162,12.059999656677245,3.3499999046325684,84,1.1964285373687744
2019-07-23T05:24:44.000Z,4043.6201171875,162,12.023999691009521,3.3399999141693115,86,1.1651162491288296
2019-07-23T05:24:51.000Z,4063.830078125,161,11.99160032272339,3.3310000896453857,85,1.1756470904630774
2019-07-23T05:24:58.000Z,4085.85009765625,163,11.858399677276612,3.2939999103546143,84,1.1764285394123621
2019-07-23T05:24:59.000Z,4089.10009765625,163,11.822399711608886,3.2839999198913574,84,1.1728571142469133
2019-07-23T05:25:06.000Z,4110.14990234375,162,11.790000343322754,3.2750000953674316,86,1.142441893732825
2019-07-23T05:25:12.000Z,4128.47021484375,161,11.656799697875977,3.23799991607666,86,1.1295348544453465
2019-07-23T05:25:14.000Z,4134.81982421875,161,11.620799732208251,3.2279999256134033,86,1.1260464856790942
2019-07-23T05:25:21.000Z,4155.06982421875,161,11.556000137329102,3.2100000381469727,85,1.1329411899342257
2019-07-23T05:25:28.000Z,4177.330078125,162,11.386800384521484,3.1630001068115234,85,1.1163529788746553
2019-07-23T05:25:34.000Z,4197.85986328125,162,11.386800384521484,3.1630001068115234,85,1.1163529788746553
2019-07-23T05:25:35.000Z,4201.009765625,162,11.386800384521484,3.1630001068115234,85,1.1163529788746553
2019-07-23T05:25:36.000Z,4203.22998046875,162,11.386800384521484,3.1630001068115234,84,1.1296428952898299
2019-07-23T05:26:32.000Z,4208.14990234375,142,0,0,52,0
2019-07-23T05:26:34.000Z,4211.06005859375,141,1.6128000497817994,0.4480000138282776,53,0.2535849134877043
2019-07-23T05:26:36.000Z,4216.18994140625,140,4.132800006866455,1.1480000019073486,54,0.6377777788374159
2019-07-23T05:26:40.000Z,4228.43994140625,138,8.463600254058838,2.3510000705718994,85,0.8297647307900822
2019-07-23T05:26:46.000Z,4248.3701171875,140,11.689199924468994,3.246999979019165,86,1.1326744112857552
2019-07-23T05:26:50.000Z,4265.83984375,141,12.124800109863282,3.368000030517578,87,1.1613793208681304
2019-07-23T05:26:51.000Z,4270.0400390625,141,12.124800109863282,3.368000030517578,88,1.148181828585538
2019-07-23T05:26:55.000Z,4286.56005859375,143,12.83039960861206,3.563999891281128,87,1.228965479752113
2019-07-23T05:26:57.000Z,4293.33984375,144,12.93120002746582,3.5920000076293945,87,1.2386206922859981
2019-07-23T05:27:01.000Z,4306.0498046875,147,12.596400260925293,3.499000072479248,86,1.2205814206322958
2019-07-23T05:27:03.000Z,4312.35986328125,148,12.326400089263917,3.4240000247955322,86,1.194418613300767
2019-07-23T05:27:07.000Z,4324.4599609375,150,11.99160032272339,3.3310000896453857,86,1.1619767754576926
2019-07-23T05:27:12.000Z,4339.52001953125,151,11.811599636077881,3.2809998989105225,86,1.144534848457159
2019-07-23T05:27:13.000Z,4342.3701171875,151,11.811599636077881,3.2809998989105225,86,1.144534848457159
2019-07-23T05:27:20.000Z,4362.27001953125,154,11.541600322723388,3.2060000896453857,86,1.118372124294902
2019-07-23T05:27:21.000Z,4365.06005859375,154,11.476799869537354,3.187999963760376,85,1.1251764577977799
2019-07-23T05:27:22.000Z,4368.009765625,154,11.408399677276611,3.1689999103546143,85,1.1184705565957462
2019-07-23T05:27:27.000Z,4383.85986328125,156,11.174400329589844,3.1040000915527344,86,1.082790729611419
2019-07-23T05:27:28.000Z,4386.81005859375,156,11.174400329589844,3.1040000915527344,86,1.082790729611419
2019-07-23T05:27:35.000Z,4407.81005859375,157,11.062799835205078,3.072999954223633,85,1.0845882191377527
2019-07-23T05:27:36.000Z,4410.6298828125,157,11.062799835205078,3.072999954223633,85,1.0845882191377527
2019-07-23T05:27:38.000Z,4415.9501953125,158,10.994399642944336,3.053999900817871,85,1.0778823179357193
2019-07-23T05:27:43.000Z,4432.35009765625,158,10.861199855804443,3.0169999599456787,87,1.040344813774372
2019-07-23T05:27:48.000Z,4449.68994140625,158,10.929600048065186,3.0360000133514404,86,1.0590697720993396
2019-07-23T05:27:51.000Z,4459.27978515625,159,11.030399608612061,3.063999891281128,85,1.0814117263345158
2019-07-23T05:27:56.000Z,4475.56982421875,159,11.095200061798096,3.0820000171661377,85,1.0877647119409897
2019-07-23T05:28:00.000Z,4488.3798828125,160,11.163600254058839,3.1010000705718994,84,1.1075000252042497
2019-07-23T05:28:06.000Z,4506.1201171875,161,11.192399883270264,3.1089999675750732,86,1.0845348724099093
2019-07-23T05:28:07.000Z,4508.39990234375,161,11.192399883270264,3.1089999675750732,86,1.0845348724099093
2019-07-23T05:28:14.000Z,4526.9599609375,162,10.990799903869629,3.052999973297119,85,1.0775294023401596
2019-07-23T05:28:22.000Z,4548.759765625,162,10.821600151062011,3.00600004196167,86,1.0486046658005825
2019-07-23T05:28:23.000Z,4551.2001953125,162,10.789199924468994,2.996999979019165,86,1.0454651089601739
2019-07-23T05:28:28.000Z,4562.27001953125,162,10.656000137329102,2.9600000381469727,85,1.0447058958165787
2019-07-23T05:28:30.000Z,4567.7001953125,162,10.587599945068359,2.940999984741211,86,1.0259302272353061
2019-07-23T05:28:36.000Z,4585.47021484375,163,10.378799629211425,2.882999897003174,86,1.0056976384894794
2019-07-23T05:28:42.000Z,4605.81982421875,164,10.41479959487915,2.8929998874664307,84,1.0332142455237252
2019-07-23T05:28:43.000Z,4609.5,164,10.41479959487915,2.8929998874664307,84,1.0332142455237252
2019-07-23T05:28:48.000Z,4627.14990234375,163,10.548000240325928,2.930000066757202,84,1.0464285952704293
2019-07-23T05:28:49.000Z,4630.39990234375,164,10.616399574279786,2.9489998817443848,84,1.0532142434801375
2019-07-23T05:28:55.000Z,4645.89990234375,165,10.749600219726563,2.9860000610351562,84,1.0664285932268416
2019-07-23T05:29:01.000Z,4661.75,164,10.27800006866455,2.8550000190734863,85,1.0076470655553482
2019-07-23T05:29:02.000Z,4665.64013671875,163,10.245599842071533,2.8459999561309814,85,1.004470572752111
2019-07-23T05:29:08.000Z,4686.72998046875,163,10.447199821472168,2.9019999504089355,85,1.0242352766149185
2019-07-23T05:29:09.000Z,4689.85986328125,163,10.483199787139892,2.9119999408721924,85,1.027764685013715
2019-07-23T05:29:13.000Z,4703.0,163,10.648799800872803,2.9579999446868896,85,1.0439999804777258
2019-07-23T05:29:14.000Z,4706.240234375,163,10.717199993133544,2.9769999980926514,85,1.0507058816797592
2019-07-23T05:29:20.000Z,4726.16015625,164,10.648799800872803,2.9579999446868896,86,1.031860445821008
2019-07-23T05:29:26.000Z,4747.83984375,165,11.120399951934814,3.0889999866485596,85,1.090235289405374
2019-07-23T05:29:27.000Z,4750.7099609375,165,11.152800178527832,3.0980000495910645,85,1.093411782208611
2019-07-23T05:29:28.000Z,4753.830078125,165,11.185200405120849,3.1070001125335693,84,1.1096428973334176
2019-07-23T05:29:32.000Z,4765.2099609375,164,11.221200370788575,3.117000102996826,84,1.1132143224988664
2019-07-23T05:29:39.000Z,4785.64013671875,165,10.954799938201905,3.0429999828338623,84,1.0867857081549508
2019-07-23T05:29:45.000Z,4807.4599609375,166,11.01960039138794,3.061000108718872,84,1.0932143245424544
2019-07-23T05:29:48.000Z,4817.3701171875,166,11.221200370788575,3.117000102996826,84,1.1132143224988664
2019-07-23T05:29:54.000Z,4837.89990234375,166,11.32199993133545,3.1449999809265137,84,1.1232142789023263
2019-07-23T05:29:56.000Z,4845.5400390625,166,11.39040012359619,3.1640000343322754,84,1.130000012261527
2019-07-23T05:30:03.000Z,4868.0498046875,165,11.757600116729737,3.2660000324249268,84,1.1664285830089025
2019-07-23T05:30:04.000Z,4871.2900390625,165,11.757600116729737,3.2660000324249268,84,1.1664285830089025
2019-07-23T05:30:10.000Z,4888.990234375,165,11.790000343322754,3.2750000953674316,86,1.142441893732825
2019-07-23T05:30:12.000Z,4895.14990234375,164,11.757600116729737,3.2660000324249268,86,1.1393023368924162
2019-07-23T05:30:19.000Z,4915.58984375,165,11.624400329589843,3.2290000915527344,86,1.1263953807742098
2019-07-23T05:30:21.000Z,4921.64990234375,164,11.58840036392212,3.2190001010894775,86,1.1229070120079572
2019-07-23T05:30:25.000Z,4933.81005859375,165,11.556000137329102,3.2100000381469727,85,1.1329411899342257
2019-07-23T05:30:31.000Z,4951.25,166,11.455199718475342,3.181999921798706,86,1.1099999727204788
2019-07-23T05:30:38.000Z,4972.06982421875,166,11.354400157928467,3.1540000438690186,85,1.1131764860714184
2019-07-23T05:30:41.000Z,4980.259765625,166,11.32199993133545,3.1449999809265137,85,1.1099999932681812
2019-07-23T05:30:48.000Z,5000.7099609375,167,11.221200370788575,3.117000102996826,84,1.1132143224988664

2019-07-23T05:30:53.000Z,5014.830078125,167,11.120399951934814,3.0889999866485596,84,1.1032142809459142
2019-07-23T05:30:54.000Z,5017.58984375,167,11.120399951934814,3.0889999866485596,85,1.090235289405374
2019-07-23T05:31:01.000Z,5034.35986328125,167,10.91879997253418,3.0329999923706055,85,1.0704705855425667
2019-07-23T05:31:05.000Z,5044.919921875,166,10.818000411987304,3.005000114440918,85,1.0605882756850298
2019-07-23T05:31:08.000Z,5053.509765625,166,10.749600219726563,2.9860000610351562,84,1.0664285932268416
2019-07-23T05:31:15.000Z,5076.0400390625,167,10.584000205993652,2.940000057220459,84,1.0500000204358781
2019-07-23T05:31:17.000Z,5082.509765625,167,10.584000205993652,2.940000057220459,83,1.062650623091732
2019-07-23T05:31:22.000Z,5095.7099609375,167,10.616399574279786,2.9489998817443848,83,1.065903571714838
2019-07-23T05:31:28.000Z,5115.240234375,167,10.483199787139892,2.9119999408721924,85,1.027764685013715
2019-07-23T05:31:35.000Z,5136.58984375,167,10.551599979400635,2.930999994277954,84,1.0467857122421265
2019-07-23T05:31:37.000Z,5142.77978515625,167,10.551599979400635,2.930999994277954,84,1.0467857122421265
2019-07-23T05:31:43.000Z,5160.47021484375,168,10.684799766540527,2.9679999351501465,84,1.059999976839338
2019-07-23T05:31:51.000Z,5183.47998046875,167,10.584000205993652,2.940000057220459,85,1.0376470790189856
2019-07-23T05:31:57.000Z,5204.14013671875,167,10.616399574279786,2.9489998817443848,85,1.0408234876744888
2019-07-23T05:31:58.000Z,5207.43017578125,167,10.648799800872803,2.9579999446868896,85,1.0439999804777258
2019-07-23T05:32:05.000Z,5229.3798828125,167,10.749600219726563,2.9860000610351562,85,1.0538823744829964
2019-07-23T05:32:11.000Z,5250.1201171875,167,10.818000411987304,3.005000114440918,84,1.073214326586042
2019-07-23T05:32:13.000Z,5256.66015625,167,10.850399780273438,3.0139999389648438,86,1.0513953275458758
2019-07-23T05:32:19.000Z,5276.240234375,167,10.951200199127197,3.0420000553131104,85,1.0736470783458036
2019-07-23T05:32:20.000Z,5278.72998046875,167,10.951200199127197,3.0420000553131104,86,1.0611628099929455
2019-07-23T05:32:26.000Z,5295.2099609375,167,10.951200199127197,3.0420000553131104,84,1.0864285911832536
2019-07-23T05:32:31.000Z,5311.31005859375,167,10.814399814605713,3.003999948501587,84,1.0728571244648524
2019-07-23T05:32:32.000Z,5314.83984375,167,10.781999588012695,2.994999885559082,84,1.0696428162711007
2019-07-23T05:32:38.000Z,5338.64990234375,166,10.915200233459473,3.0320000648498535,86,1.0576744412266932
2019-07-23T05:32:43.000Z,5357.85986328125,165,11.185200405120849,3.1070001125335693,86,1.083837248558222
2019-07-23T05:32:49.000Z,5377.490234375,165,11.32199993133545,3.1449999809265137,86,1.0970930166022723
2019-07-23T05:32:55.000Z,5400.18017578125,164,11.491199684143066,3.191999912261963,86,1.1134883414867311
2019-07-23T05:32:56.000Z,5403.43017578125,164,11.592000102996826,3.2200000286102295,86,1.123255823933801
2019-07-23T05:33:04.000Z,5425.06005859375,164,11.523599910736085,3.2009999752044678,85,1.1297646971309887
2019-07-23T05:33:10.000Z,5443.93994140625,165,11.289599704742432,3.135999917984009,83,1.1334939462592803
2019-07-23T05:33:13.000Z,5450.18017578125,166,11.32199993133545,3.1449999809265137,84,1.1232142789023263
2019-07-23T05:33:15.000Z,5454.830078125,166,11.221200370788575,3.117000102996826,85,1.1001176834106445
2019-07-23T05:33:21.000Z,5475.75,165,11.01960039138794,3.061000108718872,84,1.0932143245424544
2019-07-23T05:33:28.000Z,5497.6298828125,166,11.386800384521484,3.1630001068115234,85,1.1163529788746553
2019-07-23T05:33:29.000Z,5500.06005859375,166,11.386800384521484,3.1630001068115234,85,1.1163529788746553
2019-07-23T05:33:34.000Z,5512.9501953125,166,11.08439998626709,3.0789999961853027,86,1.074069766111152
2019-07-23T05:33:40.000Z,5533.56005859375,166,10.818000411987304,3.005000114440918,86,1.0482558538747389
2019-07-23T05:33:45.000Z,5551.97021484375,167,11.221200370788575,3.117000102996826,86,1.0873256173244743
2019-07-23T05:33:47.000Z,5558.43017578125,167,11.354400157928467,3.1540000438690186,86,1.100232573442681
2019-07-23T05:33:52.000Z,5573.27001953125,167,11.455199718475342,3.181999921798706,85,1.123058795928955
2019-07-23T05:33:57.000Z,5590.93017578125,168,11.354400157928467,3.1540000438690186,86,1.100232573442681
2019-07-23T05:33:59.000Z,5597.64990234375,168,11.39040012359619,3.1640000343322754,86,1.1037209422089334
2019-07-23T05:34:04.000Z,5618.02978515625,167,11.556000137329102,3.2100000381469727,86,1.1197674551675485
2019-07-23T05:34:05.000Z,5621.16015625,168,11.624400329589843,3.2290000915527344,86,1.1263953807742098
2019-07-23T05:34:11.000Z,5637.72998046875,167,11.793600082397461,3.2760000228881836,86,1.1427907056586688
2019-07-23T05:34:17.000Z,5659.1201171875,168,11.455199718475342,3.181999921798706,86,1.1099999727204788
2019-07-23T05:34:19.000Z,5666.41015625,168,11.491199684143066,3.191999912261963,86,1.1134883414867311
2019-07-23T05:34:20.000Z,5670.5400390625,168,11.556000137329102,3.2100000381469727,85,1.1329411899342257
2019-07-23T05:34:26.000Z,5691.6298828125,169,11.858399677276612,3.2939999103546143,85,1.1625882036545698
2019-07-23T05:34:34.000Z,5714.18994140625,168,11.6927996635437,3.247999906539917,87,1.119999967772385
2019-07-23T05:34:40.000Z,5735.41015625,168,11.656799697875977,3.23799991607666,86,1.1295348544453465
2019-07-23T05:34:42.000Z,5742.81005859375,168,11.757600116729737,3.2660000324249268,85,1.152705893797033
2019-07-23T05:34:48.000Z,5763.47998046875,168,11.894399642944336,3.303999900817871,87,1.139310310626852
2019-07-23T05:34:55.000Z,5787.10986328125,169,12.023999691009521,3.3399999141693115,87,1.1517241083342453
2019-07-23T05:34:56.000Z,5790.33984375,168,12.023999691009521,3.3399999141693115,87,1.1517241083342453
2019-07-23T05:35:02.000Z,5811.14990234375,170,12.023999691009521,3.3399999141693115,86,1.1651162491288296
2019-07-23T05:35:04.000Z,5818.830078125,171,12.059999656677245,3.3499999046325684,86,1.168604617895082
2019-07-23T05:35:09.000Z,5839.7001953125,170,12.225599670410157,3.3959999084472656,87,1.1710344511887123
2019-07-23T05:35:11.000Z,5847.1201171875,169,12.36240005493164,3.434000015258789,87,1.1841379362961342
2019-07-23T05:35:17.000Z,5869.18994140625,168,12.93120002746582,3.5920000076293945,86,1.2530232584753702
2019-07-23T05:35:23.000Z,5889.56982421875,168,12.898799800872803,3.5829999446868896,87,1.235517222305824
2019-07-23T05:35:26.000Z,5899.52978515625,169,12.93120002746582,3.5920000076293945,86,1.2530232584753702
2019-07-23T05:35:30.000Z,5912.68994140625,169,12.898799800872803,3.5829999446868896,85,1.2645882157718433
2019-07-23T05:35:34.000Z,5925.419921875,170,12.866399574279786,3.5739998817443848,86,1.2467441447945529
2019-07-23T05:35:41.000Z,5948.06982421875,169,12.697199821472168,3.5269999504089355,86,1.2303488199100938
2019-07-23T05:35:42.000Z,5951.25,169,12.66479959487915,3.5179998874664307,86,1.2272092630696851
2019-07-23T05:35:48.000Z,5971.2900390625,168,12.52800006866455,3.4800000190734863,87,1.2000000065770642
2019-07-23T05:35:49.000Z,5974.66015625,168,12.495599842071533,3.4709999561309814,87,1.1968965365968902
2019-07-23T05:35:56.000Z,5997.56982421875,168,12.495599842071533,3.4709999561309814,85,1.2250588080462288
2019-07-23T05:35:57.000Z,6000.93017578125,168,12.495599842071533,3.4709999561309814,85,1.2250588080462288
2019-07-23T05:35:58.000Z,6004.39013671875,168,12.495599842071533,3.4709999561309814,85,1.2250588080462288

2019-07-23T05:35:58.000Z,6004.39013671875,168,12.495599842071533,3.4709999561309814,85,1.2250588080462288
2019-07-23T05:36:04.000Z,6027.72021484375,168,12.564000034332276,3.490000009536743,87,1.2034482791506012
2019-07-23T05:36:05.000Z,6031.97021484375,168,12.596400260925293,3.499000072479248,86,1.2205814206322958
2019-07-23T05:36:11.000Z,6055.5400390625,168,12.898799800872803,3.5829999446868896,85,1.2645882157718433
2019-07-23T05:36:14.000Z,6066.43994140625,168,13.035600185394287,3.621000051498413,87,1.2486207074132458
2019-07-23T05:36:20.000Z,6088.7001953125,167,13.26960039138794,3.686000108718872,87,1.271034520247887
2019-07-23T05:36:22.000Z,6096.1201171875,167,13.370399951934814,3.7139999866485596,87,1.2806896505684688
2019-07-23T05:36:28.000Z,6117.7998046875,166,13.503599739074707,3.750999927520752,86,1.3084883468095647
2019-07-23T05:36:30.000Z,6124.77001953125,166,13.535999965667724,3.759999990463257,86,1.3116279036499734
2019-07-23T05:36:31.000Z,6128.259765625,167,13.535999965667724,3.759999990463257,86,1.3116279036499734
2019-07-23T05:36:37.000Z,6149.6201171875,168,13.471200370788575,3.742000102996826,86,1.3053488731384277
2019-07-23T05:36:39.000Z,6156.580078125,168,13.471200370788575,3.742000102996826,87,1.2903448631023537
2019-07-23T05:36:41.000Z,6162.81982421875,167,13.471200370788575,3.742000102996826,86,1.3053488731384277
2019-07-23T05:36:48.000Z,6184.990234375,168,13.26960039138794,3.686000108718872,85,1.3009412148419548
2019-07-23T05:36:49.000Z,6188.3798828125,168,13.233600425720216,3.6760001182556152,85,1.2974118064431583
2019-07-23T05:36:55.000Z,6208.35986328125,168,13.035600185394287,3.621000051498413,86,1.2631395528482836
2019-07-23T05:36:59.000Z,6222.1298828125,168,12.967199993133544,3.6019999980926514,86,1.2565116272416226
2019-07-23T05:37:05.000Z,6243.93017578125,169,12.934799766540527,3.5929999351501465,85,1.26811762417064
2019-07-23T05:37:06.000Z,6247.56005859375,169,13.00319995880127,3.611999988555908,85,1.2748235253726734
2019-07-23T05:37:07.000Z,6251.25,169,13.00319995880127,3.611999988555908,85,1.2748235253726734
2019-07-23T05:37:11.000Z,6266.41015625,168,13.068000411987304,3.630000114440918,86,1.2662791096886923
2019-07-23T05:37:15.000Z,6281.52978515625,167,13.16879997253418,3.6579999923706055,87,1.2613793077140019
2019-07-23T05:37:17.000Z,6289.25,167,13.204799938201905,3.6679999828338623,87,1.2648275802875388
2019-07-23T05:37:21.000Z,6305.669921875,167,13.237200164794922,3.677000045776367,86,1.2826744345731513
2019-07-23T05:37:22.000Z,6309.8701171875,167,13.26960039138794,3.686000108718872,86,1.28581399141356
2019-07-23T05:37:27.000Z,6331.64990234375,167,13.481999588012695,3.744999885559082,87,1.291379270882442
2019-07-23T05:37:32.000Z,6353.06982421875,167,13.715999794006347,3.809999942779541,88,1.2988636168566616
2019-07-23T05:37:35.000Z,6366.91015625,167,13.88520040512085,3.8570001125335693,87,1.330000038804679
2019-07-23T05:37:38.000Z,6381.31982421875,166,14.252400398254395,3.9590001106262207,88,1.3496591286225752
2019-07-23T05:37:42.000Z,6398.14013671875,166,14.75639991760254,4.098999977111816,87,1.4134482679695919
2019-07-23T05:37:47.000Z,6418.0400390625,168,14.691599464416504,4.080999851226807,86,1.4236045992651651
2019-07-23T05:37:48.000Z,6422.06005859375,169,14.590799903869629,4.052999973297119,86,1.4138371999873671
2019-07-23T05:37:54.000Z,6445.58984375,169,14.490000343322754,4.025000095367432,86,1.404069800709569
2019-07-23T05:37:59.000Z,6464.25,170,14.389199924468993,3.996999979019165,86,1.3943023182624994
2019-07-23T05:38:04.000Z,6482.81005859375,170,14.256000137329101,3.9600000381469727,86,1.3813953621442927
2019-07-23T05:38:10.000Z,6503.02978515625,170,14.021999931335449,3.8949999809265137,86,1.3587209235790163
2019-07-23T05:38:12.000Z,6509.39013671875,170,13.921200370788574,3.867000102996826,87,1.3334483113782158
2019-07-23T05:38:19.000Z,6532.0,171,13.406399917602538,3.7239999771118164,86,1.2990697594576104
2019-07-23T05:38:22.000Z,6541.27001953125,171,13.172399711608886,3.6589999198913574,85,1.2914117364322437
2019-07-23T05:38:29.000Z,6564.0,171,12.668400192260743,3.5190000534057617,85,1.2420000188490923
2019-07-23T05:38:32.000Z,6573.85986328125,171,12.632400226593017,3.509000062942505,86,1.2240697893985482
2019-07-23T05:38:38.000Z,6592.4599609375,170,12.229200267791748,3.3970000743865967,86,1.1850000259488127
2019-07-23T05:38:40.000Z,6598.33984375,169,12.164399814605712,3.378999948501587,85,1.1925882171182072
2019-07-23T05:38:48.000Z,6619.830078125,171,11.721600151062011,3.25600004196167,86,1.1358139681261639
2019-07-23T05:38:49.000Z,6622.68017578125,171,11.58840036392212,3.2190001010894775,86,1.1229070120079572
2019-07-23T05:38:56.000Z,6643.0400390625,170,11.185200405120849,3.1070001125335693,86,1.083837248558222
2019-07-23T05:38:57.000Z,6646.16015625,170,11.185200405120849,3.1070001125335693,86,1.083837248558222
2019-07-23T05:39:04.000Z,6669.93994140625,170,11.152800178527832,3.0980000495910645,87,1.0682758791693325
2019-07-23T05:39:05.000Z,6673.490234375,170,11.08439998626709,3.0789999961853027,86,1.074069766111152
2019-07-23T05:39:11.000Z,6697.68994140625,171,11.217599773406983,3.115999937057495,86,1.0869767222293587
2019-07-23T05:39:13.000Z,6706.08984375,171,11.318400192260743,3.1440000534057617,86,1.0967442046764284
2019-07-23T05:39:19.000Z,6729.43994140625,170,11.89079990386963,3.302999973297119,86,1.152209293010623
2019-07-23T05:39:21.000Z,6737.240234375,170,11.89079990386963,3.302999973297119,86,1.152209293010623
2019-07-23T05:39:26.000Z,6756.4599609375,170,12.394800281524658,3.443000078201294,86,1.201046538907428
2019-07-23T05:39:32.000Z,6777.18994140625,170,12.564000034332276,3.490000009536743,86,1.2174418637918871
2019-07-23T05:39:35.000Z,6786.85986328125,170,12.52800006866455,3.4800000190734863,86,1.2139534950256348
2019-07-23T05:39:37.000Z,6793.43017578125,170,12.394800281524658,3.443000078201294,86,1.201046538907428
2019-07-23T05:39:43.000Z,6814.10986328125,170,12.26159963607788,3.4059998989105225,85,1.2021176113801844
2019-07-23T05:39:44.000Z,6817.47998046875,170,12.293999862670898,3.4149999618530273,85,1.2052941041834213
2019-07-23T05:39:50.000Z,6838.169921875,170,12.293999862670898,3.4149999618530273,86,1.1912790564603584
2019-07-23T05:39:53.000Z,6848.259765625,170,12.293999862670898,3.4149999618530273,86,1.1912790564603584
2019-07-23T05:39:59.000Z,6868.31982421875,170,12.293999862670898,3.4149999618530273,86,1.1912790564603584
2019-07-23T05:40:00.000Z,6871.7900390625,170,12.26159963607788,3.4059998989105225,86,1.1881394996199497
2019-07-23T05:40:06.000Z,6891.81005859375,171,12.26159963607788,3.4059998989105225,86,1.1881394996199497
2019-07-23T05:40:12.000Z,6911.91015625,169,12.229200267791748,3.3970000743865967,86,1.1850000259488127
2019-07-23T05:40:14.000Z,6918.5,170,12.229200267791748,3.3970000743865967,86,1.1850000259488127
2019-07-23T05:40:15.000Z,6921.75,169,12.229200267791748,3.3970000743865967,87,1.1713793359953781
2019-07-23T05:40:21.000Z,6941.77978515625,170,12.193200302124023,3.38700008392334,86,1.1815116571825603
2019-07-23T05:40:22.000Z,6945.10009765625,170,12.193200302124023,3.38700008392334,86,1.1815116571825603
2019-07-23T05:40:28.000Z,6965.5498046875,170,12.160800075531006,3.378000020980835,85,1.1922353015226477
2019-07-23T05:40:30.000Z,6972.68994140625,170,12.160800075531006,3.378000020980835,86,1.1783721003421517
2019-07-23T05:40:36.000Z,6994.27978515625,170,12.193200302124023,3.38700008392334,85,1.1954117943258846
2019-07-23T05:40:38.000Z,7001.22021484375,170,12.193200302124023,3.38700008392334,85,1.1954117943258846

2019-07-23T05:40:40.000Z,7007.52001953125,170,12.225599670410157,3.3959999084472656,84,1.2128571101597376
2019-07-23T05:40:47.000Z,7030.60009765625,170,12.193200302124023,3.38700008392334,86,1.1815116571825603
2019-07-23T05:40:53.000Z,7050.7001953125,170,12.160800075531006,3.378000020980835,85,1.1922353015226477
2019-07-23T05:40:56.000Z,7060.75,170,12.160800075531006,3.378000020980835,86,1.1783721003421517
2019-07-23T05:41:03.000Z,7084.33984375,170,12.128399848937988,3.36899995803833,86,1.175232543501743
2019-07-23T05:41:05.000Z,7090.9599609375,170,12.128399848937988,3.36899995803833,87,1.1617241234614932
2019-07-23T05:41:08.000Z,7101.330078125,171,12.160800075531006,3.378000020980835,88,1.1515909162434665
2019-07-23T05:41:13.000Z,7118.330078125,171,12.193200302124023,3.38700008392334,87,1.1679310634218414
2019-07-23T05:41:19.000Z,7137.990234375,170,12.193200302124023,3.38700008392334,88,1.1546591195193203
2019-07-23T05:41:25.000Z,7158.35986328125,169,12.193200302124023,3.38700008392334,85,1.1954117943258846
2019-07-23T05:41:27.000Z,7165.25,169,12.160800075531006,3.378000020980835,86,1.1783721003421517
2019-07-23T05:41:30.000Z,7175.8701171875,168,12.193200302124023,3.38700008392334,86,1.1815116571825603
2019-07-23T05:41:35.000Z,7194.259765625,168,12.193200302124023,3.38700008392334,86,1.1815116571825603
2019-07-23T05:41:41.000Z,7214.6298828125,169,12.26159963607788,3.4059998989105225,86,1.1881394996199497
2019-07-23T05:41:44.000Z,7224.330078125,169,12.26159963607788,3.4059998989105225,86,1.1881394996199497
2019-07-23T05:41:50.000Z,7244.91015625,169,12.229200267791748,3.3970000743865967,85,1.198941202724681
2019-07-23T05:41:51.000Z,7248.2900390625,169,12.229200267791748,3.3970000743865967,86,1.1850000259488127
2019-07-23T05:41:57.000Z,7268.81005859375,170,12.229200267791748,3.3970000743865967,85,1.198941202724681
2019-07-23T05:42:00.000Z,7279.02978515625,170,12.229200267791748,3.3970000743865967,85,1.198941202724681
2019-07-23T05:42:02.000Z,7286.16015625,170,12.229200267791748,3.3970000743865967,86,1.1850000259488127
2019-07-23T05:42:08.000Z,7307.72998046875,171,12.26159963607788,3.4059998989105225,85,1.2021176113801844
2019-07-23T05:42:09.000Z,7311.18994140625,171,12.26159963607788,3.4059998989105225,85,1.2021176113801844
2019-07-23T05:42:16.000Z,7334.06005859375,171,12.26159963607788,3.4059998989105225,85,1.2021176113801844
2019-07-23T05:42:17.000Z,7337.2099609375,171,12.26159963607788,3.4059998989105225,85,1.2021176113801844
2019-07-23T05:42:18.000Z,7340.2998046875,171,12.26159963607788,3.4059998989105225,85,1.2021176113801844
2019-07-23T05:42:21.000Z,7349.169921875,171,12.229200267791748,3.3970000743865967,86,1.1850000259488127
2019-07-23T05:42:27.000Z,7367.6201171875,171,12.092399883270264,3.3589999675750732,87,1.1582758508879563
2019-07-23T05:42:33.000Z,7386.8701171875,171,12.059999656677245,3.3499999046325684,86,1.168604617895082
2019-07-23T05:42:34.000Z,7390.02978515625,171,12.070799732208252,3.3529999256134033,86,1.169651136841885
2019-07-23T05:42:41.000Z,7411.830078125,171,11.95920009613037,3.322000026702881,85,1.1724705976598404
2019-07-23T05:42:43.000Z,7417.27978515625,171,11.923200130462646,3.312000036239624,85,1.1689411892610437
2019-07-23T05:42:50.000Z,7438.7001953125,171,11.556000137329102,3.2100000381469727,83,1.160240977643484
2019-07-23T05:42:56.000Z,7459.02978515625,172,11.487599945068359,3.190999984741211,84,1.1396428516932897
2019-07-23T05:43:01.000Z,7475.35986328125,172,11.455199718475342,3.181999921798706,85,1.123058795928955
2019-07-23T05:43:06.000Z,7492.60986328125,171,11.487599945068359,3.190999984741211,85,1.126235288732192
2019-07-23T05:43:12.000Z,7512.6201171875,171,11.520000171661376,3.200000047683716,85,1.1294117815354292
2019-07-23T05:43:13.000Z,7515.97998046875,168,11.556000137329102,3.2100000381469727,84,1.1464285850524902
2019-07-23T05:43:14.000Z,7519.2001953125,168,11.556000137329102,3.2100000381469727,84,1.1464285850524902
2019-07-23T05:43:16.000Z,7525.85009765625,171,11.58840036392212,3.2190001010894775,83,1.16349401244198
2019-07-23T05:43:23.000Z,7548.9599609375,173,11.620799732208251,3.2279999256134033,84,1.1528571162905012
2019-07-23T05:43:29.000Z,7568.41015625,172,11.620799732208251,3.2279999256134033,86,1.1260464856790942
2019-07-23T05:43:31.000Z,7574.7998046875,172,11.620799732208251,3.2279999256134033,86,1.1260464856790942
2019-07-23T05:43:37.000Z,7595.41015625,172,11.620799732208251,3.2279999256134033,86,1.1260464856790942
2019-07-23T05:43:39.000Z,7601.93994140625,172,11.656799697875977,3.23799991607666,86,1.1295348544453465
2019-07-23T05:43:46.000Z,7623.2001953125,172,11.656799697875977,3.23799991607666,86,1.1295348544453465
2019-07-23T05:43:47.000Z,7626.240234375,172,11.624400329589843,3.2290000915527344,86,1.1263953807742098
2019-07-23T05:43:53.000Z,7645.2001953125,172,11.556000137329102,3.2100000381469727,86,1.1197674551675485
2019-07-23T05:44:00.000Z,7668.35986328125,172,11.556000137329102,3.2100000381469727,84,1.1464285850524902
2019-07-23T05:44:02.000Z,7675.25,172,11.556000137329102,3.2100000381469727,84,1.1464285850524902
2019-07-23T05:44:09.000Z,7698.2900390625,172,11.624400329589843,3.2290000915527344,86,1.1263953807742098
2019-07-23T05:44:16.000Z,7721.18017578125,171,11.656799697875977,3.23799991607666,86,1.1295348544453465
2019-07-23T05:44:18.000Z,7727.4599609375,171,11.656799697875977,3.23799991607666,86,1.1295348544453465
2019-07-23T05:44:25.000Z,7750.009765625,171,11.656799697875977,3.23799991607666,86,1.1295348544453465
2019-07-23T05:44:27.000Z,7756.68017578125,171,11.656799697875977,3.23799991607666,86,1.1295348544453465
2019-07-23T05:44:34.000Z,7778.18994140625,171,11.624400329589843,3.2290000915527344,87,1.1134483074319774
2019-07-23T05:44:36.000Z,7784.509765625,171,11.58840036392212,3.2190001010894775,87,1.1100000348584405
2019-07-23T05:44:43.000Z,7806.6298828125,171,11.58840036392212,3.2190001010894775,86,1.1229070120079572
2019-07-23T05:44:45.000Z,7812.5,171,11.58840036392212,3.2190001010894775,86,1.1229070120079572
2019-07-23T05:44:52.000Z,7835.02001953125,171,11.520000171661376,3.200000047683716,85,1.1294117815354292
2019-07-23T05:44:57.000Z,7851.85009765625,171,11.520000171661376,3.200000047683716,85,1.1294117815354292
2019-07-23T05:45:03.000Z,7871.9599609375,172,11.556000137329102,3.2100000381469727,85,1.1329411899342257
2019-07-23T05:45:05.000Z,7878.31982421875,172,11.556000137329102,3.2100000381469727,85,1.1329411899342257
2019-07-23T05:45:11.000Z,7898.580078125,172,11.58840036392212,3.2190001010894775,85,1.1361176827374626
2019-07-23T05:45:18.000Z,7921.6298828125,172,11.620799732208251,3.2279999256134033,85,1.139294091392966
2019-07-23T05:45:25.000Z,7944.14990234375,172,11.620799732208251,3.2279999256134033,85,1.139294091392966
2019-07-23T05:45:26.000Z,7947.22998046875,172,11.620799732208251,3.2279999256134033,85,1.139294091392966
2019-07-23T05:45:33.000Z,7970.259765625,172,11.620799732208251,3.2279999256134033,86,1.1260464856790942
2019-07-23T05:45:34.000Z,7973.419921875,172,11.620799732208251,3.2279999256134033,86,1.1260464856790942
2019-07-23T05:45:41.000Z,7996.14013671875,172,11.620799732208251,3.2279999256134033,86,1.1260464856790942
2019-07-23T05:45:42.000Z,7999.52001953125,172,11.620799732208251,3.2279999256134033,86,1.1260464856790942
2019-07-23T05:45:43.000Z,8002.77001953125,172,11.620799732208251,3.2279999256134033,87,1.1131034226253116

2019-07-23T05:45:50.000Z,8026.06005859375,172,11.656799697875977,3.23799991607666,86,1.1295348544453465
2019-07-23T05:45:56.000Z,8046.830078125,172,11.689199924468994,3.246999979019165,87,1.1196551651790225
2019-07-23T05:46:00.000Z,8059.35986328125,172,11.721600151062011,3.25600004196167,86,1.1358139681261639
2019-07-23T05:46:07.000Z,8081.47021484375,172,11.58840036392212,3.2190001010894775,87,1.1100000348584405
2019-07-23T05:46:08.000Z,8084.47021484375,172,11.58840036392212,3.2190001010894775,87,1.1100000348584405
2019-07-23T05:46:15.000Z,8107.75,172,11.58840036392212,3.2190001010894775,87,1.1100000348584405
2019-07-23T05:46:17.000Z,8114.580078125,172,11.58840036392212,3.2190001010894775,87,1.1100000348584405
2019-07-23T05:46:24.000Z,8135.97021484375,173,11.58840036392212,3.2190001010894775,87,1.1100000348584405
2019-07-23T05:46:31.000Z,8159.27978515625,173,11.520000171661376,3.200000047683716,86,1.1162790864012961
2019-07-23T05:46:34.000Z,8169.60009765625,173,11.556000137329102,3.2100000381469727,87,1.1068965648782665
2019-07-23T05:46:40.000Z,8191.22021484375,173,11.58840036392212,3.2190001010894775,86,1.1229070120079572
2019-07-23T05:46:42.000Z,8197.599609375,173,11.58840036392212,3.2190001010894775,86,1.1229070120079572
2019-07-23T05:46:49.000Z,8220.849609375,173,11.620799732208251,3.2279999256134033,86,1.1260464856790942
2019-07-23T05:46:51.000Z,8227.1103515625,173,11.620799732208251,3.2279999256134033,86,1.1260464856790942
2019-07-23T05:46:53.000Z,8232.5595703125,173,11.620799732208251,3.2279999256134033,86,1.1260464856790942
2019-07-23T05:46:58.000Z,8243.990234375,173,11.556000137329102,3.2100000381469727,87,1.1068965648782665
2019-07-23T05:47:04.000Z,8265.58984375,173,11.455199718475342,3.181999921798706,87,1.0972413523443814
2019-07-23T05:47:10.000Z,8286.3603515625,173,11.487599945068359,3.190999984741211,87,1.1003448223245555
2019-07-23T05:47:12.000Z,8293.25,173,11.520000171661376,3.200000047683716,87,1.1034482923047295
2019-07-23T05:47:19.000Z,8314.4599609375,173,11.624400329589843,3.2290000915527344,87,1.1134483074319774
2019-07-23T05:47:20.000Z,8316.1904296875,173,11.624400329589843,3.2290000915527344,87,1.1134483074319774
2019-07-23T05:47:28.000Z,8330.169921875,173,11.185200405120849,3.1070001125335693,86,1.083837248558222
2019-07-23T05:47:35.000Z,8340.3095703125,173,11.152800178527832,3.0980000495910645,86,1.0806976917178133
2019-07-23T05:47:40.000Z,8361.009765625,173,11.01960039138794,3.061000108718872,84,1.0932143245424544
2019-07-23T05:47:41.000Z,8363.4697265625,173,10.91879997253418,3.0329999923706055,83,1.0962650574833515
2019-07-23T05:47:43.000Z,8367.9599609375,173,9.874800109863282,2.743000030517578,81,1.0159259372287326
2019-07-23T05:47:45.000Z,8370.900390625,173,8.632800006866455,2.3980000019073486,79,0.9106329121167147
2019-07-23T05:47:46.000Z,8376.900390625,173,6.652800178527832,1.8480000495910645,79,0.701772170730784
2019-07-23T05:47:52.000Z,8390.7099609375,173,4.197600030899048,1.1660000085830688,51,0.6858823579900405
2019-07-23T05:47:54.000Z,8397.4404296875,172,3.996000051498413,1.1100000143051147,52,0.6403846236375662
2019-07-23T05:47:58.000Z,8401.2197265625,171,4.66920018196106,1.2970000505447388,0,+Inf
2019-07-23T05:47:59.000Z,8401.2197265625,171,3.996000051498413,1.1100000143051147,0,+Inf
2019-07-23T05:48:02.000Z,8401.9296875,170,0,0,0,NaN
2019-07-23T05:48:30.000Z,8403.9697265625,164,0,0,0,NaN
2019-07-23T05:48:31.000Z,8406.66015625,164,0,0,54,0
2019-07-23T05:48:36.000Z,8423.3203125,163,8.938800144195557,2.4830000400543213,88,0.846477286382155
2019-07-23T05:48:38.000Z,8430.3896484375,163,11.826000308990478,3.2850000858306885,88,1.1198863928968257
2019-07-23T05:48:41.000Z,8441.1201171875,163,11.995200061798096,3.3320000171661377,86,1.1623255873835363
2019-07-23T05:48:45.000Z,8455.3203125,165,12.398400020599365,3.444000005722046,88,1.1740909110416065
2019-07-23T05:48:50.000Z,8471.5498046875,162,12.265200233459472,3.4070000648498535,88,1.1614772948351773
2019-07-23T05:48:51.000Z,8474.7900390625,163,12.196800041198731,3.388000011444092,88,1.155000003901395
2019-07-23T05:48:54.000Z,8485.01953125,164,12.164399814605712,3.378999948501587,87,1.16517239603503
2019-07-23T05:48:59.000Z,8502.25,165,12.229200267791748,3.3970000743865967,88,1.1580682071772488
2019-07-23T05:49:04.000Z,8521.6396484375,164,12.297599601745606,3.4159998893737793,87,1.177930996335786
2019-07-23T05:49:10.000Z,8542.23046875,166,12.365999794006347,3.434999942779541,87,1.184482738889497
2019-07-23T05:49:12.000Z,8548.7900390625,165,12.398400020599365,3.444000005722046,87,1.187586208869671
2019-07-23T05:49:19.000Z,8571.0400390625,166,12.567599773406982,3.490999937057495,88,1.1901136149059643
2019-07-23T05:49:20.000Z,8573.5703125,166,12.567599773406982,3.490999937057495,88,1.1901136149059643
2019-07-23T05:49:24.000Z,8579.0595703125,167,12.229200267791748,3.3970000743865967,87,1.1713793359953781
2019-07-23T05:49:26.000Z,8580.1396484375,167,12.027600288391113,3.3410000801086426,76,1.3188158210955168
2019-07-23T05:49:27.000Z,8580.75,167,11.894399642944336,3.303999900817871,76,1.3042104871649491
2019-07-23T05:49:30.000Z,8584.08984375,167,9.342000102996826,2.5950000286102295,51,1.526470605064841
2019-07-23T05:49:31.000Z,8584.08984375,167,8.873999691009521,2.4649999141693115,51,1.4499999495113598
2019-07-23T05:49:32.000Z,8596.76953125,167,7.898400020599365,2.194000005722046,51,1.290588238660027
2019-07-23T05:49:33.000Z,8596.76953125,167,6.656399917602539,1.8489999771118164,47,1.1802127513479679
2019-07-23T05:49:37.000Z,8600.3896484375,166,5.1156000137329105,1.4210000038146973,42,1.0150000027247839
2019-07-23T05:50:55.000Z,8600.4697265625,173,6.818400192260742,1.8940000534057617,0,+Inf
2019-07-23T05:50:56.000Z,8600.51953125,173,4.939199924468994,1.371999979019165,0,+Inf
2019-07-23T05:50:57.000Z,8600.9697265625,173,3.45960009098053,0.9610000252723694,0,+Inf
2019-07-23T05:51:01.000Z,8605.3095703125,170,2.890799903869629,0.8029999732971191,0,+Inf
2019-07-23T05:51:02.000Z,8606.580078125,171,2.890799903869629,0.8029999732971191,0,+Inf
2019-07-23T05:51:03.000Z,8607.66015625,170,2.890799903869629,0.8029999732971191,0,+Inf
2019-07-23T05:51:14.000Z,8610.259765625,171,5.443199872970581,1.5119999647140503,56,0.8099999810968127
2019-07-23T05:51:16.000Z,8614.48046875,171,6.7176002025604244,1.8660000562667847,56,0.9996428872857775
2019-07-23T05:51:17.000Z,8616.400390625,170,6.7176002025604244,1.8660000562667847,56,0.9996428872857775
2019-07-23T05:51:20.000Z,8621.4501953125,170,6.854400157928467,1.9040000438690186,82,0.6965853819032994
2019-07-23T05:51:23.000Z,8630.919921875,171,8.229600048065185,2.2860000133514404,84,0.816428576196943
2019-07-23T05:51:24.000Z,8632.6298828125,172,8.366399574279786,2.3239998817443848,84,0.8299999577658517
2019-07-23T05:51:26.000Z,8633.58984375,175,9.104400157928467,2.5290000438690186,85,0.8925882507773006
2019-07-23T05:51:29.000Z,8634.6904296875,178,7.927199649810791,2.2019999027252197,86,0.7681395009506581
2019-07-23T05:51:31.000Z,8634.6904296875,176,7.6608000755310055,2.128000020980835,85,0.7510588309344124
2019-07-23T05:51:35.000Z,8634.6904296875,176,8.546400260925292,2.374000072479248,83,0.8580723153539451

